,DZQV_CD8_naive,DZQV_CD8_CM,DZQV_CD8_EM,DZQV_CD8_TE,DZQV_MAIT,DZQV_VD2,DZQV_VD21,DZQV_TFH,DZQV_Treg,DZQV_Th1,DZQV_Th1Th17,DZQV_Th17,DZQV_Th2,DZQV_CD4_naive,DZQV_Progenitor,DZQV_B_naive,DZQV_B_NSM,DZQV_B_Ex,DZQV_B_SM,DZQV_Plasmablasts,DZQV_C_mono,DZQV_I_mono,DZQV_NC_mono,DZQV_NK,DZQV_pDC,DZQV_mDC,DZQV_Neutrophils,DZQV_Basophils,X925L_CD8_naive,X925L_CD8_CM,X925L_CD8_EM,X925L_CD8_TE,X925L_MAIT,X925L_VD2,X925L_VD21,X925L_TFH,X925L_Treg,X925L_Th1,X925L_Th1Th17,X925L_Th17,X925L_Th2,X925L_CD4_naive,X925L_CD4_TE,X925L_Progenitor,X925L_B_naive,X925L_B_NSM,X925L_B_Ex,X925L_B_SM,X925L_Plasmablasts,X925L_C_mono,X925L_I_mono,X925L_NC_mono,X925L_NK,X925L_pDC,X925L_mDC,X925L_Neutrophils,X925L_Basophils,X9JD4_CD8_naive,X9JD4_CD8_CM,X9JD4_CD8_EM,X9JD4_CD8_TE,X9JD4_MAIT,X9JD4_VD2,X9JD4_VD21,X9JD4_TFH,X9JD4_Treg,X9JD4_Th1,X9JD4_Th1Th17,X9JD4_Th17,X9JD4_Th2,X9JD4_CD4_naive,X9JD4_CD4_TE,X9JD4_Progenitor,X9JD4_B_naive,X9JD4_B_NSM,X9JD4_B_Ex,X9JD4_B_SM,X9JD4_Plasmablasts,X9JD4_C_mono,X9JD4_I_mono,X9JD4_NC_mono,X9JD4_NK,X9JD4_pDC,X9JD4_mDC,X9JD4_Neutrophils,X9JD4_Basophils,G4YW_CD8_naive,G4YW_CD8_CM,G4YW_CD8_EM,CYFZ_PBMC,FY2H_PBMC,FLWA_PBMC,X453W_PBMC,X684C_PBMC,CZJE_PBMC,G4YW_CD8_TE,G4YW_MAIT,G4YW_VD2,G4YW_VD21,G4YW_TFH,G4YW_Treg,G4YW_Th1,G4YW_Th1Th17,G4YW_Th17,G4YW_Th2,G4YW_CD4_naive,G4YW_Progenitor,G4YW_B_naive,G4YW_B_NSM,G4YW_B_Ex,G4YW_B_SM,G4YW_Plasmablasts,G4YW_C_mono,G4YW_I_mono,G4YW_NC_mono,G4YW_NK,G4YW_pDC,G4YW_mDC,G4YW_Neutrophils,G4YW_Basophils,DZQV_PBMC,X925L_PBMC,X9JD4_PBMC,G4YW_PBMC,X4DUY_PBMC,X36TS_PBMC,CR3L_PBMC
NMF_0,0.9520176297994142,0.9753434958648873,1.0006483125489252,0.8638606135132728,0.9740221930111663,0.8743781739357795,0.9523042334338018,1.0215384591409422,1.0252998133324103,0.9962540679472479,0.9958805768704722,0.9897506430162042,1.0410753816065637,0.9355788496832259,0.9813739149023122,0.9621743877589367,0.9419367842567576,0.9360442226327166,0.8763802149970563,0.808656770009071,1.1830692156570128,1.1554541591513003,1.2001651663101234,1.0242002745005028,1.0215629822832613,0.9720883784587122,1.5518715643589538,1.1382559454202916,0.890038458623036,0.8569416838049491,0.8803932885736478,0.8855375600434175,0.8744612230479059,0.8806285669275502,0.8787679775180948,0.8820960106908224,0.9000056607280371,0.9162990375296015,0.9635601118372837,0.9541963113885574,0.8867624916565704,0.9035899610926285,0.9011548045367338,0.8740294874654431,0.7916129613409668,0.7885268041104936,0.7366227474174253,0.8085446587636151,0.7353807852133589,0.8304633190898495,0.8478561274457638,0.8588316189768134,0.9177463440131584,0.8269298218453166,0.7172762060667195,0.8868178548900802,0.8895429858681632,0.883630420419145,0.932459405750704,0.9383548847607722,0.898597916645064,0.8867545633765782,0.9314203342037998,0.8835519825797817,0.9736915816726953,0.9774530901561509,0.9680122886744031,0.9299844949275227,0.9426614221167087,0.9668137164717721,0.9591450706155221,0.9121284788434441,0.8911911555855748,0.8329103624710635,0.8480575532459855,0.7820451864183909,0.8283211338167857,0.7762904070958206,0.9630855997600655,1.0071655297262123,1.0245367619632721,0.9317752781255888,0.9564093509525591,0.8088506401330829,1.175054646406899,0.9772279922449922,0.8628303994888674,0.8870097279270307,0.9343528311233651,0.8177386882358161,0.9528358599275593,0.8332220547908574,0.8518264184411685,0.8825077209541601,0.7857479795447458,0.8459707795642477,0.8406138753576374,0.8138478524419799,0.8180539972486924,0.9039207198590631,0.895061229939391,0.8900193619809403,0.8986018486000887,0.9199675197821338,0.9161896971448932,0.8822970841150501,0.8699716334122737,0.7887433944478687,0.8093284542426291,0.782122702841163,0.7935907047050821,0.7677149483022845,0.9523535766026829,0.9205437571217393,0.959336733682561,0.8886832405565208,0.9296236535831601,0.8268996111642506,1.261110590443451,0.9517851069498391,1.0188343129216644,0.7937884320953966,0.8445411489153887,0.8510486582586891,0.841844804933451,0.7521978833553903,0.8084010788350346
NMF_1,0.6789574664613662,0.6798788938718164,0.6800745593870433,0.6320644197580411,0.6841010477948929,0.6251027891526499,0.6704609966569148,0.639955705016095,0.6448191027045653,0.6600388920955864,0.6234028326539856,0.6276047444152828,0.6216548560893268,0.6269119716315821,1.0040559023885864,0.8139349633517444,0.8789824771585983,0.8135444069322294,0.7850454645825877,0.7145272879619958,0.8761432120003891,0.7433257715275887,0.7593027174120834,0.7136155662689841,1.383381526036523,1.6058800395641344,0.4934878423065495,1.014543618655339,0.7103411883460186,0.6757268771744567,0.6881289601201366,0.6923531064509506,0.6733176910351826,0.6764616126423043,0.7044852821181433,0.5962906905531977,0.6310577743670949,0.6675931962991356,0.697218026957579,0.6933561411486407,0.6430834867991365,0.6755130278815638,0.7043439652000995,0.9894759680587868,0.8023691224577746,0.8452636972799427,0.7415177079181484,0.8138083455975075,0.7172993362079007,0.9816994327085488,0.7731971971676247,0.832654368318707,0.7364652646519055,1.4961204560066246,1.6396605375326667,0.5820561529225703,1.096351565685323,0.661850499460926,0.6678167323370141,0.6788312489607254,0.6738460005604112,0.6569681548692297,0.680940541956746,0.6761697399869063,0.6563183484242469,0.6522464447462076,0.6438900621329071,0.6471886724531863,0.6714691058406596,0.6515933327292237,0.67301446750744,0.6663999411400543,1.0067346711411176,0.7611791043636856,0.8156675690197558,0.7621826091004898,0.780726632247984,0.7290079998572309,0.8565177612766014,0.7904963649882168,0.7178465743172924,0.6877533089649962,1.3995251506380082,1.5736481191095446,0.542032755191454,1.045256903996962,0.6852112297433017,0.6552114300399712,0.7087909305017476,0.8100704790308544,0.7663360411238518,0.7837064230251899,0.7551694241212693,0.7919123291381209,0.8442241386044318,0.6716527469668716,0.6570551734947802,0.6372161674484229,0.6555316608305369,0.6235960810084961,0.6286599559182448,0.6312752344087401,0.6421969958442996,0.6657743975702264,0.6353842606779811,0.6484759300535327,0.9832834046394068,0.6991987267254791,0.7925399317035995,0.7407180262744827,0.7579429790355975,0.7192247961005348,0.8228601998499928,0.7405776264418511,0.6889518237962888,0.6920436088883413,1.3964369829564787,1.58479524084753,0.5071200589126513,1.0533903160830074,0.7585928080960108,0.815801775049806,0.7441284600171183,0.6944779678958307,0.7319272371605617,0.7966267261840002,0.8076658916711653
NMF_2,1.0837373285190495,0.8867384835017301,0.6789733250426303,0.6385083011818515,0.7027949246243419,0.6148198580074121,0.6580422830688987,0.9518646521919263,0.945225098135779,0.9648325810311206,0.823528928794693,0.8674515859703222,0.9192271300577695,1.0468011670566355,0.7474027629559468,0.5316987620822551,0.5548407823478074,0.5685092349874529,0.5744472662103672,0.534793166736563,0.49564891278480633,0.4707215789117149,0.5099308482773425,0.6512311376141999,0.5673488062178584,0.5135030832368171,0.48530440128266106,0.628717683462808,1.0519029005438256,0.894784133812137,0.6828520698090018,0.6767261015702475,0.7018543225561141,0.7289312033638,0.6902708312923629,0.9457955156919219,0.926764128238214,0.8771575945245286,0.8620299890656506,0.8968104356762552,0.9647462919259734,1.0826627606594155,0.6998646648336677,0.7260539898841315,0.6090470297978684,0.5567727003937835,0.5746451547701704,0.6131346950576847,0.5299517319306534,0.5385048932321636,0.5253819939613767,0.5447452272235624,0.6742361056677035,0.5475208462474223,0.5271081047753191,0.5232098056869567,0.6548957568977306,1.0925082773086878,0.8801983140242277,0.7002821261605102,0.6738859703675301,0.7145150756604571,0.7377020132566553,0.6578927888780473,0.9666040178530102,0.9389070934657012,0.897183469737294,0.8568462876781366,0.8798635256925537,0.931674838011602,1.0965095317426035,0.7578734940881697,0.7457773661414739,0.6029074504287986,0.5872216720925781,0.5829749518863215,0.5948220117442026,0.5365745934198334,0.5764139804264558,0.5460927915135515,0.5493276794028986,0.669553643631358,0.5751922108108009,0.5495084988624364,0.537126216075509,0.6396914884729932,1.065753530792914,0.8827552055054925,0.7048913382234063,0.5841351326269079,0.5457350966465446,0.5994525181135171,0.6139617691625293,0.624649145334096,0.6162105449140003,0.6804640893639206,0.690467761998547,0.7212581378856215,0.6649173137746482,0.9412601223616797,0.9267286711431671,0.9011714194932015,0.8218648035189978,0.8315362642926782,0.9181705580436775,1.079226708424943,0.7182756436704612,0.5951962811462927,0.5618748641321255,0.539696727509964,0.5520745604890531,0.5359845980336391,0.5643549548867621,0.53490406917515,0.5488548128393538,0.6608516165259369,0.5553588589804852,0.5307919942828403,0.5241503803221307,0.6319054621188598,0.5991548580689879,0.6044200266145141,0.6551263015280275,0.6487165303459821,0.6633259856021184,0.5714866511045896,0.6247814692972568
NMF_3,0.3073183929224763,0.3153643901286484,0.32633102392654945,0.3385838822862282,0.26299294347972024,0.3394784084129783,0.33118529551745474,0.282630039222439,0.2817016781564723,0.2878916512567272,0.2731494924319085,0.26926558718373983,0.2699764302639985,0.29280536884726566,0.37349834282394395,1.0682589635685789,0.8899706852968894,0.8708944094830979,0.8405218056022524,0.3083835253401925,0.3962096571797556,0.3852221659310106,0.37808873409624477,0.34596215696727173,0.5473158893255275,0.5509967910848987,0.24948325980621727,0.30015482661763615,0.2761557387454462,0.27721931388997123,0.33382509380648406,0.34054506057102674,0.2957966343438532,0.32718577872903937,0.30324827707297325,0.27547190684857725,0.3012289224871739,0.26425752803855146,0.2513998879946552,0.2654556890577338,0.29288445515389067,0.2808096911368142,0.279483722804856,0.3997824000112578,1.0296044238131643,0.9433064497520646,0.8608490400707215,0.8419368509347737,0.3240160136460483,0.45220480493964765,0.4022643894537918,0.4093734944144134,0.3110468361423564,0.5894036884512848,0.5609287855651456,0.2510523432334945,0.31734917620841796,0.290359571649604,0.2751773230758854,0.3037828717885265,0.30728533867104985,0.27011882963365724,0.29450596653056893,0.3518963642324568,0.260019852079142,0.275498145427959,0.26929723432093045,0.25908482877425315,0.240042183886385,0.2659630839269787,0.27027894278540493,0.30976468951201735,0.36730602096578086,1.1108612221955367,0.809611840996579,0.8282389970157004,0.8004540699979222,0.30948853131131304,0.4233516990459289,0.48122606560412545,0.44642454235163986,0.3263629365951359,0.5449497923500666,0.5751246872440364,0.27749948293613935,0.30166039508260584,0.28830322194259206,0.3151175681426228,0.33026343339310216,0.4932797878894023,0.4840431452876125,0.45190881955553874,0.40346087449213264,0.5071979506427022,0.539133508499093,0.34318872795438266,0.2824643327374137,0.3321933805255076,0.3421710135493381,0.2662846888882214,0.30188167856372816,0.30148660529568466,0.2857167124971876,0.2606825346862836,0.28362084981061764,0.2807485446324178,0.421672340241118,1.1295037493977085,0.8651684488750371,0.8241387602419948,0.8599613783319227,0.30170232375600003,0.3997350521568654,0.4570415646955395,0.40161380714436806,0.32617947572569694,0.536034739474342,0.5490932321393424,0.27564510566617817,0.3131465696796197,0.4953085132521719,0.5651822977079496,0.47450397734625793,0.4770219548332934,0.4586912657645249,0.4653048792674022,0.5225180351358266
NMF_4,0.3278303397565319,0.34689676566205513,0.3585855666501535,0.3357905092817849,0.3507754352102192,0.30020038199225596,0.31636746630649565,0.36204657190238015,0.3854634794553123,0.36926355616064527,0.37679915227610167,0.39122143571914203,0.3901153209390959,0.35636840230690875,0.431186457911586,0.5515888592240517,0.7363679789878833,0.6800305944810896,0.7231772332722693,0.48693563955283714,0.32248131866508045,0.3051893200906433,0.32100919515542076,0.3175925572548945,0.6007176147631054,0.36988122017075004,0.32266274077359486,0.41338974157229286,0.36399014730038576,0.3811447347673881,0.358746498021192,0.3341576594202602,0.33837257536717963,0.3430798687550635,0.34465552980185593,0.3874215577905531,0.3917632856468274,0.3944670761591558,0.3812334849729899,0.3653081988406034,0.37378604405283516,0.36828290884061426,0.3710975454642347,0.4451517698062417,0.6094442913521557,0.7654424376313994,0.6549110235669069,0.7310121131618079,0.4888889052635125,0.32937689584568375,0.32043238989663336,0.34575396229232347,0.33924178791424725,0.5973404346591595,0.3496039930697311,0.3333806740544367,0.3921317645415571,0.3609007492551167,0.3828212211227613,0.36164171683458274,0.34210074366676646,0.3582105452474788,0.34575237242649054,0.32244588745098096,0.39777149378456306,0.39338681145449633,0.3876992834845255,0.385160290834912,0.40398477846808106,0.40644164601658667,0.3688093832605292,0.34477150252800803,0.4463380977696614,0.6234269593533064,0.8108193615232617,0.72111061096955,0.7776789814602089,0.48668614863621323,0.3398978315288234,0.31284578767450955,0.3380461980615437,0.32416593546331335,0.6149735266574339,0.3799574721485999,0.3443780801351651,0.41207863023616886,0.3498565502258404,0.36200839156727044,0.3351533088214575,0.3364978050060761,0.32339972549127344,0.35988638719784494,0.36094754559098313,0.3687902158988577,0.3647114852377547,0.3239468048392926,0.34141693444130766,0.3367875785947862,0.3368153791696588,0.3966356206659265,0.3868702700628558,0.36925969493302135,0.35679848827204597,0.3620776416736553,0.38297288866195545,0.36180480128722536,0.46965920629314445,0.5909750460727285,0.805048677388019,0.668333323327542,0.7337100863827117,0.4748534238801171,0.34483912007108974,0.32696155595733606,0.3464079068718081,0.3248875191816375,0.6254349069994951,0.36888348372505864,0.34287272149934783,0.3907680631918811,0.3824363632474185,0.3837279279681354,0.37714527241087265,0.38337950047177743,0.3643941194054155,0.34373190533724857,0.3792098833411333
NMF_5,0.6748042375473771,0.6745738299574174,0.6024785307846732,0.5553833083313303,0.6460413004010307,0.6081144834606265,0.5838547035258499,0.6266480354174887,0.6307058142907978,0.6438449374007157,0.6262575488882847,0.6194615398726311,0.6359405736088736,0.6258127818730661,0.6441945540471579,0.5008006904953268,0.5133916958145212,0.5263588337082584,0.5161953486102968,0.46639658978135934,0.4757868234177642,0.43316801771143026,0.46606622205125714,0.6213978118800764,0.5547829468974288,0.48481929244268357,0.4461247955263954,0.603918763191709,0.6497467696668242,0.6597928808875727,0.5913048220075224,0.5983812431748059,0.6517168664749888,0.6925142827595305,0.6302557560567339,0.5877436811074943,0.6084293633031105,0.6192723139198197,0.6381304600460183,0.6190274271356345,0.6308882193241773,0.6451814049657518,0.6047325693065755,0.6536850327924951,0.5381126010479451,0.5019506743268253,0.4936270114268091,0.5481931432066378,0.4663147833223063,0.484745982070427,0.46931893171950767,0.4841307915130539,0.6271650411140071,0.4975728841367737,0.49729480552002664,0.4864332970182629,0.6141974627330261,0.6750558475783079,0.6547232830968676,0.5941101115108044,0.5936613835048701,0.6421701209595031,0.6562066790703965,0.5901466037639013,0.6309323215858197,0.6356717529306233,0.6353051549104132,0.6380383840163946,0.634286135888442,0.6443817345478624,0.668007454161099,0.6005787512839329,0.6516443146561263,0.5563963316866085,0.5382707538435705,0.5171827232287363,0.5478156831667552,0.47447791936294326,0.5183669191347311,0.4871691891089696,0.5033697429214293,0.6359676408377875,0.5409614302113059,0.5098521854085386,0.5056863352812773,0.6099004370850696,0.6709779950461828,0.6364973115552355,0.6228206521675033,0.48056980814986616,0.48295439290823916,0.5068661008030598,0.5278648363285509,0.5173253942167428,0.5096172824073995,0.5938609014158547,0.6356093318195485,0.6404277939436193,0.5713039416985338,0.618383301944119,0.6127080105596158,0.6086565885731878,0.6168767526988426,0.6349254090974197,0.619788097627697,0.637593044223183,0.634395115028275,0.524410962367317,0.5069707479011658,0.4897994684006333,0.5032708971263501,0.4761109659262052,0.506486437803422,0.47207471044970706,0.4906939686156361,0.6076240972978318,0.5311077324711929,0.5026901558379947,0.4943699995827487,0.604508373714736,0.47114264149262924,0.48342903482750044,0.5015517050140099,0.499152732733891,0.5121252343511665,0.49014488567833936,0.5159513073659635
NMF_6,0.3807619811236691,0.4016469532324504,0.4674297940793042,0.4539486335465655,0.4167044970639317,0.4337391908191192,0.5171000552326163,0.38605253525389827,0.43375039270315185,0.3968302934420519,0.4189749928140503,0.42389714615942,0.44028090788266816,0.37362937844870947,0.46317505934557485,0.4548667963420876,0.4550057559345651,0.48120837463500654,0.465960362519576,0.45665180340183315,0.7154513293094111,1.1949202548653473,1.3195082037955272,0.5274558458398094,0.4688200712928935,0.5886002990736403,0.9056742329500972,0.7307355389483995,0.38363162906385323,0.40399553948058037,0.46743921339585265,0.4550948006404613,0.38639186985644003,0.4000795836672566,0.49396641614052356,0.39615125360142345,0.435870897815712,0.40713422244836717,0.4051818287024299,0.40240954424711123,0.3947912194791856,0.3623386014379234,0.4519185762987104,0.48481203704211173,0.44886200880140664,0.45428803453910915,0.4336267432726823,0.4410506353986435,0.4357258257665589,0.6263509756318371,1.1572063958007621,1.2692579426182888,0.5423226572222238,0.4650296047821395,0.5986771191530301,0.9741492121197524,0.6707543510720868,0.3710590369895243,0.410113363498517,0.48316403776951355,0.4887113967149549,0.39869196208733754,0.4216469860941475,0.4855259924745561,0.3895297258338901,0.4435196741399644,0.4211997213377754,0.4172011406354755,0.4337143466856406,0.43937332353833936,0.3780455893718393,0.4055063269030035,0.4705181887811211,0.4637797132208807,0.47845385273552343,0.48654506619670784,0.47708849882444576,0.44650763316099845,0.6993621200620534,1.144657190886469,1.2833881193689594,0.5386677774904434,0.4925193875153192,0.6250340199878424,0.9851986276302168,0.7048689829514398,0.3700612458697667,0.385358978507532,0.45643348470101575,0.5548120670507676,0.6728467476910146,0.5672345071797532,0.5909851052937632,0.5970985657379467,0.5911189901843098,0.440208919385633,0.3696728846280356,0.37951550014390983,0.44813323709854785,0.3992684990559906,0.41645052265843135,0.3796846749113465,0.3889824084320357,0.3921317256678431,0.41079545216111407,0.37079221243295757,0.5150958278729765,0.45879879428460435,0.4615493242081481,0.4600898671884903,0.45370886488967854,0.4384975377732077,0.6837928820123954,1.1458930563085645,1.3366492658732725,0.505396349309422,0.4816300764520332,0.5711954689624708,1.008017536864742,0.6792721861005195,0.5141653988487106,0.5075466706425684,0.5439666629289143,0.5771088144195865,0.620489533660243,0.6399499490745153,0.5921610783256875
NMF_7,0.23195515805817218,0.24449841272336403,0.4779520297915237,0.6833629156060467,0.33060035218647377,0.692306316832601,0.7272879664421317,0.2338109083647283,0.24932806280130448,0.27027923302816453,0.25744599872309526,0.25310175682685593,0.24932150599429526,0.2626273070691815,0.302469275163425,0.311116816670527,0.2840399855906789,0.28661689668437423,0.28871735058207554,0.2561766756391517,0.28152404642839807,0.3869110208611577,0.3196843276537083,0.9059998445860367,0.35930400152943576,0.25797639732908645,0.2843808160257243,0.28306953896958065,0.23883256992960905,0.24991499988355023,0.5478627060473475,0.6096435299677587,0.31498049828067,0.4001685007058494,0.5749412378072202,0.24037712176477694,0.2502238196070125,0.26194132141430215,0.23488228878363773,0.22766653905376089,0.22902867234414317,0.2530544607994553,0.5542401692235539,0.33107881051340726,0.2630898419335901,0.26198028875591556,0.28233592790747025,0.24796353453946704,0.24879524203639633,0.27747378273071355,0.3510307918866503,0.2991872386267536,0.8090784604659563,0.4145917448166791,0.2534329316586217,0.28578338964812783,0.282810891634803,0.2513086117257422,0.2595588163030885,0.5067896768320039,0.6392801310120492,0.3345056507045757,0.45159772869446313,0.6441066128756137,0.22795193625346002,0.24568532198982593,0.25633884249292976,0.24080473174261813,0.24218877348533946,0.2368430762891788,0.24051275184215712,0.5424154435657769,0.3040494855663979,0.2555443389688479,0.24361064307325228,0.2585758329449654,0.24803938452408453,0.2427299626062383,0.24592365008101316,0.2933195681986992,0.28660948538618874,0.8280596538063847,0.37724223533414736,0.2515620746316039,0.26462509202351725,0.2836549504070023,0.24612422707498122,0.27003943961872495,0.5151811051991791,0.5307922933753104,0.4130570144558804,0.4451230331097238,0.460366461509151,0.3906735445853999,0.41391073549504226,0.6498476498496637,0.33631438005072284,0.46730150873877563,0.7091022995016791,0.2362479123630524,0.2492724185946021,0.25081923337329176,0.24584202054442011,0.2531985972162671,0.2463970831148038,0.24922005418288792,0.32530266059886365,0.2784319970240439,0.2599222131418071,0.27087225252683245,0.26389650487454747,0.2420110957083328,0.2441277223642812,0.29991813639518944,0.2781777674224481,0.8726901634987269,0.3836922148179003,0.24090571360506266,0.26239025682180195,0.2896987397017372,0.46722744009759315,0.4560738710654644,0.4393171845951365,0.45136628606131685,0.41380931588772335,0.405407229794701,0.3785431172583665
NMF_8,0.7474875438237331,0.7788890565714456,0.669269254572289,0.5700600936801891,0.7482324557644651,0.5804136730322454,0.5819750400031474,0.8678635906494568,0.8418796542407002,0.8205891417856058,0.8920921416784373,0.9220803010157064,0.9028957097863548,0.830831713544714,0.61490228344975,0.42524704779863665,0.4672379583554266,0.47644196051488125,0.5303481834256623,0.4646467513468427,0.46168182636500393,0.42343911445917887,0.44286874490404937,0.5342422334381145,0.5820388623976188,0.5146206428844892,0.3175852865351297,0.6081048732854152,0.764365911538397,0.7846509682943317,0.6445583261695226,0.596562068707316,0.7055301536293431,0.6529341213668572,0.6293838479689668,0.9464703026500149,0.9081030448537475,0.8270774245123301,0.8662169795506516,0.9114599012542212,0.8855565328230278,0.7965437854813664,0.684997237978597,0.6178167976181687,0.4670065088057957,0.5165936329073204,0.5296523073355229,0.5558339740103986,0.46215360270206085,0.5013042615280211,0.4587055701395611,0.4830172923702837,0.5731294050533442,0.6075887116124282,0.5042203544436943,0.42658768624947796,0.6736653351131775,0.7797853271014538,0.7789345834307889,0.693447385745631,0.6105356826068715,0.7337012557969845,0.6580586463352831,0.5675671758957018,0.9030518994587723,0.8611945673959746,0.8578020588610817,0.8702456163039862,0.9397834367570591,0.9245007675812769,0.8264844290451898,0.6792063683659019,0.6292172829786479,0.4697614012554282,0.5197499829370446,0.5140461558407492,0.5587470423179888,0.46472841478720883,0.5055175190819444,0.46626819229398586,0.49206964020311234,0.5493687133204418,0.5914906194861944,0.5244396864075918,0.42669594097528063,0.6562832543319392,0.7539682300558388,0.7633552149968049,0.657929056413254,0.5202005069663189,0.5243934747482825,0.5622633962505861,0.5873124168008313,0.5863707250731184,0.5580288909757529,0.5699945086284323,0.6893051473907502,0.6114373916740533,0.5626712571865938,0.9158625430861634,0.850339655897615,0.8260530686362199,0.8213187971398853,0.8425124893413597,0.8868164700541917,0.8118796262337902,0.5840224842342489,0.4681571890350209,0.5043777957050098,0.5065453724347936,0.5215165615529554,0.4527089238044304,0.5057608227944482,0.4667402495206775,0.4885000410008285,0.5451859609170744,0.5791380945798412,0.533812922985373,0.402657245307501,0.6457822495036343,0.502416764215945,0.5376779831547776,0.5602138631384821,0.5478795740172435,0.5736861431648146,0.529349141632894,0.5598897057679555
NMF_9,0.32926194484883986,0.6027625783991439,0.8722931626635914,0.9023938893837608,0.7917730932077498,0.8503812044778827,0.7399583494763191,0.4236533356620936,0.40846780452244125,0.47735249908647054,0.5947342232156144,0.48341207570226996,0.40460161624256297,0.3470845300376962,0.25953642759811973,0.2601692849425708,0.264102612778519,0.27708916719809074,0.28296578333293787,0.3057347299196309,0.2705711964962514,0.2647684434124448,0.2623625792690916,0.5908665870686461,0.22372633696735605,0.3083291114774654,0.26137355512371196,0.28846459473081665,0.34414894298630205,0.632637928967387,0.852491838867255,0.8425026068880471,0.9306863856539865,0.8916498773694815,0.7682439679616458,0.43678535299572024,0.44691361733097074,0.5416141557496533,0.4979806317294543,0.4189976815746105,0.4065288479803236,0.3526795374560165,0.7225347408323467,0.28036704603245594,0.2403278892151748,0.26652773215000336,0.2648287474472576,0.2926579776631626,0.29573937920355675,0.2919988246660807,0.292557413661899,0.28110403865048733,0.5799897233820147,0.2010962347351056,0.29980085357250635,0.2633896894226536,0.3155359490955021,0.362264746977784,0.6303213153459596,0.8007919451246334,0.7859801251657781,0.9095204062205737,0.8193830011083373,0.8747692614864092,0.4318277521829316,0.41050288843113336,0.54458016537919,0.5755835924270987,0.43486822489397425,0.40994219364849266,0.3202201934141051,0.7423785888902347,0.28517458547131336,0.2606250353545019,0.26892973740805004,0.2829676619959581,0.2831490637895595,0.29651101285563836,0.2857786034541409,0.2949104313390941,0.2973875730108071,0.6790488769262386,0.20870051596112185,0.2943027409153595,0.2634743880522993,0.31975431319973985,0.3266669990480451,0.6877902867617589,0.7953192134454998,0.5256086015215901,0.4320607170873565,0.4736940096756316,0.4870157930976724,0.4634528488956843,0.45691372366326244,0.8426673897080665,0.9659478284486108,0.9333120284819906,0.8712546252287868,0.4200723020572543,0.447208309780867,0.5628613375589915,0.6728864737103902,0.567786237922799,0.41658147753708885,0.3367102455013469,0.3004216168232332,0.29023449841593835,0.29489895236461977,0.3181949548584488,0.3241606414920999,0.2949524339079623,0.28901773897139166,0.2948943259699696,0.2869646719606074,0.692956789170984,0.206985307016978,0.3003404625313024,0.2639170180016266,0.32393544560154613,0.4582613596647276,0.5015630903429178,0.5040483954604658,0.48608947124646595,0.43932156001927475,0.4581775409959668,0.4213546594108376
NMF_10,0.28995285527389963,0.30550231633413216,0.28150768829156014,0.32927451360641063,0.2872164869769945,0.3230670960765044,0.25403481264242705,0.30840201755204594,0.31245445097852415,0.29636571236048753,0.33552514416757523,0.3458890797550623,0.32294861146396947,0.323227780384665,0.46384651017380224,0.5748118363855851,0.5234791128952143,0.547095411571697,0.5523860603386388,0.331123111559419,1.1387343892053656,0.8529825552920658,0.6044124260281531,0.2668097101606845,0.4688424035910648,0.8918988577122585,1.0253564964885336,0.41764649154962313,0.2754107426235463,0.305984445819904,0.2730364836728833,0.25854995470366116,0.29017950321693964,0.2943243028900519,0.24787149033176775,0.33713215563989524,0.320828439471165,0.31789571249259,0.2777491482402047,0.2947397123699635,0.3229987119907559,0.28735441803952716,0.26574332682103347,0.384279603267936,0.3816454516629408,0.4078461747017477,0.42398076707395266,0.3786252468709307,0.30934401543048035,1.1441221774185073,0.8343814128883191,0.6378269607796694,0.2350765550688769,0.5842317059358008,0.9036630052019523,0.9682882222877081,0.4230735370127531,0.3096956492737004,0.3047355434631738,0.27741732159235916,0.2737358693095261,0.29737859454122567,0.27543790454759093,0.26541203862560997,0.2993381617290102,0.30658885814214826,0.3102232420601293,0.3190011106920887,0.30029329837114815,0.31647876779492345,0.2816673817799527,0.28358297866915994,0.414447041957895,0.3696382964955654,0.3637756516687207,0.3691765839071348,0.37255195809698327,0.3030292494847756,1.1487212646867422,0.8072638329064823,0.5953061769305158,0.25207584735823385,0.5135908843673357,0.8471912159039287,0.922768742725317,0.4264622622170382,0.29561395727535195,0.3207200154913075,0.2526758984891719,0.7709655729974988,0.8893699424926074,0.8262808984543277,0.7766546276215456,0.7160698011582034,0.7954165278924197,0.2891435467608458,0.31946195707849906,0.3324086019896243,0.312128920140579,0.32826313756329756,0.3538393711198337,0.3508210517102207,0.3344764889567943,0.3146720316992707,0.33186625594430436,0.31205274019742224,0.47615654426813775,0.4724298584117863,0.45487495277681445,0.43482335646977893,0.459791565508817,0.3148029889021504,1.2100263145290835,0.9106574460474158,0.6560547717051977,0.2800369243890862,0.5393403619311005,0.8885480788014977,0.9558644621630691,0.46028278481156837,0.8913352989290247,0.8075794143967181,0.7534069635931447,0.8552883101229729,0.7222522934301353,0.8904648854638021,0.765381962716569
NMF_11,0.9181742985074975,0.8489957876511054,0.8360374196027722,0.7571965106266716,0.8118266156756334,0.7542153722106647,0.8230928316804942,0.8620910360013987,0.8732729086520262,0.854981896308042,0.8261702596952885,0.8251505905004458,0.8576941807514143,0.8612661670722597,0.9572831855721033,0.7260975094405882,0.7377333827767385,0.763489854654335,0.7527085004884302,0.7271295880708916,0.6628998555156609,0.6341535539693919,0.6715939442407689,0.7959601203233069,0.8275874650925705,0.6819919172555314,0.4968898888125375,0.6925690164687869,0.8972867451201505,0.8474697920105311,0.8246423618171255,0.8249839837003986,0.8091357024078324,0.796914072936479,0.8348200511637018,0.8501728339812532,0.8736069532524472,0.8352946147978317,0.8562793840467531,0.8803185828487442,0.8501839604022873,0.8766596569397362,0.8517379061601863,0.9344038290061177,0.7640956408788591,0.7524745425831527,0.7545959002030942,0.8251042688245471,0.7075226865178317,0.7070888741738196,0.6824472525183796,0.7146628959151762,0.8314026096502596,0.8165023174604186,0.6887738294183814,0.5965335359354251,0.7356354099440028,0.8867475712617978,0.8329390087513314,0.8227224604096262,0.8222057939679782,0.8214782366020034,0.8260089915277283,0.8170209544402924,0.8655749418210109,0.8950407173990489,0.8518434404079098,0.8343691791016811,0.8692786050401275,0.8630598089691591,0.8958777478157339,0.8291863641569744,0.9560786471132535,0.7770079055254981,0.7777374392334735,0.7905026291217144,0.8154828989584327,0.7148131108697666,0.7218495402421953,0.699088440806194,0.7270572435912128,0.7952418529145686,0.8328567847874414,0.7258105146234435,0.591364108763476,0.7320825234337912,0.895663620361646,0.8310811003123447,0.8432719327787881,0.6919217070479953,0.680909239777976,0.7238350935028769,0.7494575269659346,0.7352545871657798,0.7028938839026413,0.8102691174999842,0.7964394804201089,0.7686972572543523,0.7930777085046897,0.8585713890560103,0.8585173647724079,0.8400231744317924,0.8339102913292643,0.8512123146299267,0.8485924166015256,0.8860423599704064,0.905517318026055,0.7520881301446309,0.7626620429077855,0.7594848264065988,0.7799045722223966,0.7072720820183437,0.7274737216853362,0.6861604548368002,0.7216596860775581,0.7990959700571048,0.8227305758450534,0.7278960591812034,0.5676496482140093,0.7330777636567593,0.6787919650546498,0.7096401779580688,0.7129739302707389,0.7165214369803998,0.7411277619827187,0.6891970746296711,0.7178899351955949
NMF_12,0.5311482652428794,0.5374016898279139,0.5393531305001421,0.5297676491602301,0.5395773180979829,0.5309697666989601,0.5366970195365032,0.535969434552757,0.540178411208172,0.5398109707725097,0.5419289583359006,0.5401258422678066,0.5398200432731407,0.5312173223677574,0.7154888368021243,0.5789207534869508,0.561534910091247,0.5650787285664824,0.5659656831803277,0.5418287487475101,0.5669712510502485,0.5447837274275319,0.5448696059258704,0.5425811756381321,0.570677829842505,0.5481640698773492,0.5503598637445809,0.6949106225888508,0.5407569654398892,0.5434462488565279,0.5478948623731988,0.5379490369612903,0.5387192186772305,0.5385574739071669,0.5424702314270721,0.5421164335979628,0.542503913520698,0.5427498149420017,0.5461139504780913,0.5515288258395805,0.5386569080788356,0.534751008982017,0.5504280539278125,0.7405543773012676,0.5555980885785953,0.5557766039626381,0.5426875055443398,0.5531570838269938,0.5396003821717591,0.5696083828715495,0.543232389586216,0.5508755867644325,0.5515530746802192,0.57403702683456,0.5450538746340263,0.5711544034907815,0.7036160906456986,0.5370791459168688,0.5431280358749409,0.5473925412974734,0.5438053669393299,0.5389983073029382,0.5365023565756092,0.5406564026311136,0.5371726914598594,0.5419035771935857,0.5449611497981601,0.5422484413654898,0.5495232280342529,0.5462216456940159,0.5383089285789084,0.5358035446026705,0.7568810926902596,0.5574000448772688,0.5529496586990532,0.5560335671508596,0.5608920373309185,0.5416910239566878,0.5691300675869454,0.5380274467711409,0.5464899379957685,0.5479151132259606,0.5748702169994423,0.5536132406433503,0.576577112957112,0.7076642801676652,0.5317497318776848,0.5377068060873218,0.5517990878854961,0.7348799582372432,0.8022730840221375,0.7694928813747818,0.6849615863274874,0.6714591750833326,0.716541287249298,0.5384158482507715,0.5360879181844647,0.5317569081514925,0.5374308073890484,0.5375816285015986,0.5354569159920224,0.5382956083742578,0.5404802524626758,0.5391541677279278,0.5390824578451939,0.5324713885119795,0.7490406352393643,0.5378466829052558,0.5361144842711205,0.5347295901275474,0.53236036963181,0.5357581814285964,0.5587937889291225,0.5341613716363945,0.5417985546066015,0.5493799531379054,0.5756629456989143,0.5461604091601138,0.5661285041812909,0.6912041019628886,0.6374767951134498,0.7780516613259619,0.7816232599579978,0.6657377962841231,0.7217261607890699,0.7629823581562603,0.7398672061098032
